shortcode,username,post_url,profile_link
DIlqGO8MEtD,lopchanjitu,https://www.instagram.com/p/DIlqGO8MEtD/,https://www.instagram.com/lopchanjitu/
DIOYQAMy0C7,empteam_,https://www.instagram.com/p/DIOYQAMy0C7/,https://www.instagram.com/empteam_/
DAXI9s9Ozh1,gypsynepali,https://www.instagram.com/p/DAXI9s9Ozh1/,https://www.instagram.com/gypsynepali/
CwwicLUNY8Z,aashisholi1836,https://www.instagram.com/p/CwwicLUNY8Z/,https://www.instagram.com/aashisholi1836/
DWYl_PdEnHq,routineofnepalbanda,https://www.instagram.com/p/DWYl_PdEnHq/,https://www.instagram.com/routineofnepalbanda/
Bwf6LenH5WH,ekyatri.prakash,https://www.instagram.com/p/Bwf6LenH5WH/,https://www.instagram.com/ekyatri.prakash/
C8C07UIMZbI,journey.toparadise,https://www.instagram.com/p/C8C07UIMZbI/,https://www.instagram.com/journey.toparadise/
DLa_jQvoCpu,eyepoppers.event,https://www.instagram.com/p/DLa_jQvoCpu/,https://www.instagram.com/eyepoppers.event/
BlhShfFhfDv,mishavasilescu,https://www.instagram.com/p/BlhShfFhfDv/,https://www.instagram.com/mishavasilescu/
CdUl1NvPzdt,milannewar_official,https://www.instagram.com/p/CdUl1NvPzdt/,https://www.instagram.com/milannewar_official/
CJnlZYFJfZe,travelstories.uk,https://www.instagram.com/p/CJnlZYFJfZe/,https://www.instagram.com/travelstories.uk/
DSsjJFpjSXo,krishna_acharya03,https://www.instagram.com/p/DSsjJFpjSXo/,https://www.instagram.com/krishna_acharya03/
DWSo7Ucij5b,thechefnepal,https://www.instagram.com/p/DWSo7Ucij5b/,https://www.instagram.com/thechefnepal/
DSW9dykFcun,makvmc,https://www.instagram.com/p/DSW9dykFcun/,https://www.instagram.com/makvmc/
C6nzxaHNhpe,uptrendly.app,https://www.instagram.com/p/C6nzxaHNhpe/,https://www.instagram.com/uptrendly.app/
DUleY0NDE1y,pariyar5002,https://www.instagram.com/p/DUleY0NDE1y/,https://www.instagram.com/pariyar5002/
CgnElgpBxsZ,nasonepal,https://www.instagram.com/p/CgnElgpBxsZ/,https://www.instagram.com/nasonepal/
CV4XdGrqs3s,mingma_d_sherpa_official,https://www.instagram.com/p/CV4XdGrqs3s/,https://www.instagram.com/mingma_d_sherpa_official/
C6nBMsvvL9y,lmofficial01,https://www.instagram.com/p/C6nBMsvvL9y/,https://www.instagram.com/lmofficial01/
CueCDuWBEIC,sarha6693,https://www.instagram.com/p/CueCDuWBEIC/,https://www.instagram.com/sarha6693/
DKrDHnBsLUU,sdws_pt,https://www.instagram.com/p/DKrDHnBsLUU/,https://www.instagram.com/sdws_pt/
DKxQTfdKhBj,wmibc.group,https://www.instagram.com/p/DKxQTfdKhBj/,https://www.instagram.com/wmibc.group/
DLXYn8DMaGM,sudeeprawatvlog,https://www.instagram.com/p/DLXYn8DMaGM/,https://www.instagram.com/sudeeprawatvlog/
CyaH9zuh23h,the_himalayantimes,https://www.instagram.com/p/CyaH9zuh23h/,https://www.instagram.com/the_himalayantimes/
C3lZyeshB-C,habibidesertsafaridubai,https://www.instagram.com/p/C3lZyeshB-C/,https://www.instagram.com/habibidesertsafaridubai/
DVfdtkYF9Ue,tamangnee_bimala,https://www.instagram.com/p/DVfdtkYF9Ue/,https://www.instagram.com/tamangnee_bimala/
CmLYlYTPjUC,pmsvisawala,https://www.instagram.com/p/CmLYlYTPjUC/,https://www.instagram.com/pmsvisawala/
DGu3IdYvpJq,navonjobs.uae,https://www.instagram.com/p/DGu3IdYvpJq/,https://www.instagram.com/navonjobs.uae/
n6NclYP2q-,rosyalexander,https://www.instagram.com/p/n6NclYP2q-/,https://www.instagram.com/rosyalexander/
DPjfvX3DMl_,chakra___studio,https://www.instagram.com/p/DPjfvX3DMl_/,https://www.instagram.com/chakra___studio/
DUGH704E-Tm,gcdhr_dubai,https://www.instagram.com/p/DUGH704E-Tm/,https://www.instagram.com/gcdhr_dubai/
C76WLwPOQMC,immisquare,https://www.instagram.com/p/C76WLwPOQMC/,https://www.instagram.com/immisquare/
DVUfg1vDT2v,chef.sabin,https://www.instagram.com/p/DVUfg1vDT2v/,https://www.instagram.com/chef.sabin/
CSObUIgtqvZ,navonjobs.romania,https://www.instagram.com/p/CSObUIgtqvZ/,https://www.instagram.com/navonjobs.romania/
C0yL4jhrzAk,avmigrationservices,https://www.instagram.com/p/C0yL4jhrzAk/,https://www.instagram.com/avmigrationservices/
DNuChS2UOkb,bahadurkarkiram15,https://www.instagram.com/p/DNuChS2UOkb/,https://www.instagram.com/bahadurkarkiram15/
C2DNt1ns3PL,visaservicesukraine,https://www.instagram.com/p/C2DNt1ns3PL/,https://www.instagram.com/visaservicesukraine/
DVCD7m6it4w,gurung_bikraunt,https://www.instagram.com/p/DVCD7m6it4w/,https://www.instagram.com/gurung_bikraunt/
DRaN6xeDdIH,florianbachmeier,https://www.instagram.com/p/DRaN6xeDdIH/,https://www.instagram.com/florianbachmeier/
CpHwZJ5oVqT,thapa_birsing,https://www.instagram.com/p/CpHwZJ5oVqT/,https://www.instagram.com/thapa_birsing/
DJnHsO6hDCo,migratetoworld,https://www.instagram.com/p/DJnHsO6hDCo/,https://www.instagram.com/migratetoworld/
DSYtB9fD9J7,meronep.app,https://www.instagram.com/p/DSYtB9fD9J7/,https://www.instagram.com/meronep.app/
DEHKtqvo4oj,nepaliinspain,https://www.instagram.com/p/DEHKtqvo4oj/,https://www.instagram.com/nepaliinspain/
CkxukloMZJ-,pacificohr,https://www.instagram.com/p/CkxukloMZJ-/,https://www.instagram.com/pacificohr/
DKxIFziqbDG,vizaandimmigrationservices,https://www.instagram.com/p/DKxIFziqbDG/,https://www.instagram.com/vizaandimmigrationservices/
CDMcMw3jpCL,hakeren.il,https://www.instagram.com/p/CDMcMw3jpCL/,https://www.instagram.com/hakeren.il/
DKxKXPwSu8k,kirpaassociates,https://www.instagram.com/p/DKxKXPwSu8k/,https://www.instagram.com/kirpaassociates/
DDcD5xfKwnx,vinayak_immigration,https://www.instagram.com/p/DDcD5xfKwnx/,https://www.instagram.com/vinayak_immigration/
C-USu7Foh55,greenoutdoorsin,https://www.instagram.com/p/C-USu7Foh55/,https://www.instagram.com/greenoutdoorsin/
DC31zewAzQ_,a2w_abudhabi,https://www.instagram.com/p/DC31zewAzQ_/,https://www.instagram.com/a2w_abudhabi/
tFHXrwirBQ,bisiloji,https://www.instagram.com/p/tFHXrwirBQ/,https://www.instagram.com/bisiloji/
2IwoobikbX,yournameonstones,https://www.instagram.com/p/2IwoobikbX/,https://www.instagram.com/yournameonstones/
CcZmK_DlcsJ,ramyameharaj13,https://www.instagram.com/p/CcZmK_DlcsJ/,https://www.instagram.com/ramyameharaj13/
Cqjtw3Kocl-,milan_chams,https://www.instagram.com/p/Cqjtw3Kocl-/,https://www.instagram.com/milan_chams/
CbMDLGWJoOG,voiceframe_agra,https://www.instagram.com/p/CbMDLGWJoOG/,https://www.instagram.com/voiceframe_agra/
BGeMQiVODh3,bhavproducts,https://www.instagram.com/p/BGeMQiVODh3/,https://www.instagram.com/bhavproducts/
BpWDxK5H0zI,lizzy_35b,https://www.instagram.com/p/BpWDxK5H0zI/,https://www.instagram.com/lizzy_35b/
DLjMiwyoRX-,abdulla.aatif,https://www.instagram.com/p/DLjMiwyoRX-/,https://www.instagram.com/abdulla.aatif/
DAeu743zOar,jobspoland.jp,https://www.instagram.com/p/DAeu743zOar/,https://www.instagram.com/jobspoland.jp/
DJV9iLYs-Ev,24ghantanepal,https://www.instagram.com/p/DJV9iLYs-Ev/,https://www.instagram.com/24ghantanepal/
DViKf3uiCEF,mena_admin,https://www.instagram.com/p/DViKf3uiCEF/,https://www.instagram.com/mena_admin/
CissBwbqKgH,world.work.ua,https://www.instagram.com/p/CissBwbqKgH/,https://www.instagram.com/world.work.ua/
DSmFw5cDGVF,visasimmigrationservices,https://www.instagram.com/p/DSmFw5cDGVF/,https://www.instagram.com/visasimmigrationservices/
C6Ypp7Vo66B,maaseurope1,https://www.instagram.com/p/C6Ypp7Vo66B/,https://www.instagram.com/maaseurope1/
BvSHCW0HWe-,nabraj.bhandari.1238,https://www.instagram.com/p/BvSHCW0HWe-/,https://www.instagram.com/nabraj.bhandari.1238/
DKiFhM0s8cD,connecting_the_peoples,https://www.instagram.com/p/DKiFhM0s8cD/,https://www.instagram.com/connecting_the_peoples/
CrAu5uZrih1,siasgroup_india,https://www.instagram.com/p/CrAu5uZrih1/,https://www.instagram.com/siasgroup_india/
C5isS0WCgZw,thinkbettercareers,https://www.instagram.com/p/C5isS0WCgZw/,https://www.instagram.com/thinkbettercareers/
DIqsxe-oNvz,savant.riyadh,https://www.instagram.com/p/DIqsxe-oNvz/,https://www.instagram.com/savant.riyadh/
CcVbUFwoXGX,itsme_israr,https://www.instagram.com/p/CcVbUFwoXGX/,https://www.instagram.com/itsme_israr/
CQ2oJ4MJb8A,cronici_culinare,https://www.instagram.com/p/CQ2oJ4MJb8A/,https://www.instagram.com/cronici_culinare/
CxXFA1pBGvh,nepalipaisa1,https://www.instagram.com/p/CxXFA1pBGvh/,https://www.instagram.com/nepalipaisa1/
DMxgSdNsL-n,liros_sibiu,https://www.instagram.com/p/DMxgSdNsL-n/,https://www.instagram.com/liros_sibiu/
DUab4QBj_wx,fore_ignemployment,https://www.instagram.com/p/DUab4QBj_wx/,https://www.instagram.com/fore_ignemployment/
DSgIBeyjJKz,gopaloli608,https://www.instagram.com/p/DSgIBeyjJKz/,https://www.instagram.com/gopaloli608/
DLhk__FK5C5,transfer_rapid,https://www.instagram.com/p/DLhk__FK5C5/,https://www.instagram.com/transfer_rapid/
DPCaZ2GDeyS,gorkhali_masala,https://www.instagram.com/p/DPCaZ2GDeyS/,https://www.instagram.com/gorkhali_masala/
DC32NvKsBql,a2w_consultants_oman,https://www.instagram.com/p/DC32NvKsBql/,https://www.instagram.com/a2w_consultants_oman/
DSHwuDVjGxe,learnromanianwithali,https://www.instagram.com/p/DSHwuDVjGxe/,https://www.instagram.com/learnromanianwithali/
DBWC0gKzXii,dollmandu.np,https://www.instagram.com/p/DBWC0gKzXii/,https://www.instagram.com/dollmandu.np/
Bn_OmT5horE,nepaltour_hiking,https://www.instagram.com/p/Bn_OmT5horE/,https://www.instagram.com/nepaltour_hiking/
CSG-iWmDmFG,tohi_king_76,https://www.instagram.com/p/CSG-iWmDmFG/,https://www.instagram.com/tohi_king_76/
B3HtXCoA_vf,reinasdepanamaoficial,https://www.instagram.com/p/B3HtXCoA_vf/,https://www.instagram.com/reinasdepanamaoficial/
DBgaYDbBrV9,khadijaabroadconsultancy,https://www.instagram.com/p/DBgaYDbBrV9/,https://www.instagram.com/khadijaabroadconsultancy/
DQ_NpgCju3f,redsapphireimmigrations_moga,https://www.instagram.com/p/DQ_NpgCju3f/,https://www.instagram.com/redsapphireimmigrations_moga/
CR3HyqCBIVo,aragems,https://www.instagram.com/p/CR3HyqCBIVo/,https://www.instagram.com/aragems/
CR3IBwhBcsP,arajewelsindia,https://www.instagram.com/p/CR3IBwhBcsP/,https://www.instagram.com/arajewelsindia/
CoZINZgIyt_,antidotenp,https://www.instagram.com/p/CoZINZgIyt_/,https://www.instagram.com/antidotenp/
